Tweet,label
Do you think humans have the sense for recognizing impending doom? ,pessimism
Making that yearly transition from excited and hopeful college returner to sick and exhausted pessimist. #college,pessimism
Ive felt surprisingly gloomy about my bad scouts today :'D but i recognize that it's all just RNG and yeah I didnt spend that many gems,pessimism
Brb going to sulk in bed until Friday,pessimism
It's way too hard not to get discouraged.,pessimism
"It'd probably be useful to more than women, but I'm dealing with re-reading an article about a woman being harassed on the subway. #concern",pessimism
I'm so bored and fat and full and ridiculously overweight and rolls galore ,pessimism
"Trumpism likewise rests on a bed of racial resentment that was made knowingly and intentionally, long before Trump got into politics.",pessimism
"In my room 101 would go  Russell Howard,Tom Odell,Michael Buble!!! #pants #nogood ",pessimism
@AzyraiZelo I am shy xD,pessimism
I came to work for no reason üò©üî´\nI could've stayed in bed,pessimism
@MatherFamilys @SDICenter @CAllstadt \n\ndo REDNECKS intellectually intimidate you and force you to be their dancing clown?,pessimism
Noooooo @GBBOUK without #MaryBerry will be #awful #endofanera going 2b so #lost @Channel4 have bought a #lameduck there #notallaboutthemoney,pessimism
God we need a new goal keeper! They‚Äôre both horrific.,pessimism
"@asda if I wanted GREEN POTATOES, a bottle with the tag still on, plus soaking wet items delivered - I'm winning today-sadly I didn't ",pessimism
wow almost all the T-Mobile stores in San Diego are out of Note7 replacements #sadness I need to get mine replaced,pessimism
"We're in contained depression. Only new economic engine is #Sustainability, say Joel @makower + @markmykleby @ #VERGEcon. #NewGrandStrategy",pessimism
@DepressedStride &gt; huff louder,pessimism
I don't want the pity of my instructors but I'd like some understanding. I'm truly trying despite ALL circumstances that make me discouraged,pessimism
*Sigh* #depression #saddness #afterellen #shitsucks,pessimism
i was so embarrassed when she saw us i was like knvfkkjg she thinks we're stalkers n then she starts waving all cheerfully inviting us in üò©,pessimism
"Wow... One of my dads top favorite throwback rappers just died in a fiery car crash today in Atlanta, so sad so sad üò∑üò∑",pessimism
Rooney is 5 yards off the pace in a League Cup game against Northampton Town. Let that sink in for a moment. #MUFC,pessimism
@jeremycorbyn @magstogether my god is @jeremycorbyn a full shilling? Seriously you need a major rethink or no lab gove in your lifetime #sad,pessimism
@HoustonTexans just trying to go home tonight? A run on 2nd and 20 and a run on 3rd and 20? That's what champs do...#sike #losers #terrible,pessimism
@rosalilium I'm wearing all black tomorrow to mourn. üò≠üíî,pessimism
I meet new people and I had to grow up with the reality that people can be desgusting and fake and so I lost my cheerfulness and started to,pessimism
Urgent need to get a new job. The constant gloom of my current one is getting a bit ridiculous now.,pessimism
@ScmCIafIin 'Don't you know how nervous I was to see you?',pessimism
mmmm i'm kinda sad i hope i can shake this before school,pessimism
No one wants to win the wild card because you have to play the Cubs on the road.  #sadness,pessimism
Danish pastries...oh know my nightmare! Old boots is a good description #GBBO,pessimism
@mikefreemanNFL \nIsn't OBrien supposed to be some sort of offensive genius ,pessimism
"@MendipHillsAONB do we think the swallows and swifts have gone? Photo'd 3 nights ago, not seen since. #sad #Autumn",pessimism
Theyve substituted the hood for a badge and gun.' Public opinion is indictment of Charlotte police. #dark #sadtimes #america #race,pessimism
Wishing i was rich so i didnt have to get up this morning #poor #sleepy  #sad #needsmoresleep,pessimism
"Honestly don't give af who wins out of us and pine, I'm just worried about getting drunk Saturday nightüòÇ",pessimism
@patienceinbee @camposanto But I decided to be a bit lackadaisical about getting dressed to get groceries.,pessimism
@siomo @NEWSTALK1010 20 says he gets reelected.....  #be #afraid,pessimism
I'm scared that my coworkers are going to submit me to one of those 'wardrobe makeover' shows.  #fashion,pessimism
@RevTrevK @Wolfman93011 @Daraidernation @EROCKhd Take 2k out of it the numbers on madden are low and have dropped and people are unhappy,pessimism
Grim and despair feeling-I look at self and my family. Hubby fought 20+ years for this country. I've worked 20+ years for this govt--&gt;,pessimism
@mackenzian yes! That was my one qualm. These are deeply theological issues we're engaging theologically.,pessimism
"#COINCIDENCE??? When you turn on the TV, etc.&amp; listen &amp; watch, the objective is to #CaptureYourMind with #fear &amp; #depression. #FindGODNow!!!",pessimism
When will the weeks full of Mondays end?? #disheartened,pessimism
Feeling #gloomy,pessimism
@MintMilana where is the outrage when black children get killed in the crossfire between blacks shooting each other?,pessimism
nooooo. Poor Blue Bell! not again. #sad,pessimism
"If you think you're good to go already, don't worry about it.",pessimism
"Wine drunk is the worst version of myself ffs, don't even remember seeing basshunter ",pessimism
That feeling you get when you know the information but scared you might do bad on a test #collegelife #nervous üò•üò•,pessimism
Always borrow money from a pessimist; he doesn't expect to be paid back.,pessimism
Condolences to the  JC and the Georges family.. ,pessimism
"@NigeriainfoFM #start football league, I think we should talk about the managers way of selection",pessimism
I feel like an appendix. I don't have a purpose.  #depressed  #alone #lonely #broken  #cry #hurt #crying #life,pessimism
#TerrorStatePak @sardesairajdeep Pakistan invitadated 4 times in India and why we worry to invade our own land #PoK?  Which is disputed.,pessimism
When you have 15 doe run the opposite side of you üôÅ #depression,pessimism
"A pessimist sees the difficulty in every opportunity, an optimist sees the opportunity in every difficulty' -Sir Winston Churchill-",pessimism
@MarianKeyes maybe he had constipation issues..? Not that I KNOW dates relieve such an affliction! No way jose!,pessimism
"AQW should've always stayed in the 08 art style, now it's just a competition to create more detailed art each time.",pessimism
"@paige_christian awe man, when are you free then? ‚òπÔ∏èÔ∏è‚òπÔ∏èÔ∏è‚òπÔ∏èÔ∏èüíòüíòüíò",pessimism
@KurakkuSora he is.\nSure his mind was clouded but...],pessimism
The 2008 crisis was just the tremor In advance of the earthquake',pessimism
Once again the only thing on my feed is naay raging about something and my brother filling in all the gaps,pessimism
#haikuchallenge #haiku\n\nThe crisp autumn air\nMy freedom purchased through death\nNo one will mourn me,pessimism
I honestly feel nothing towards either of my parents and it's pretty depressing,pessimism
"god, Facebook's design has started to remind me of MySpace in its heyday",pessimism
"@comicfire The thing is, it's either I be unproductive and unhappy, or deal with some videos that do badly.",pessimism
@WHUFC_HUB @westhamtransfer @TheHammers_ I don't see any reason for optimism at this point. Just stringing together bad performances.,pessimism
"2 biggest fears: incurable STD's and pregnancy...I mean, they're basically the same thing anyway #forlife #annoying  #weirdsmells",pessimism
India wants to #shake #hands with # pakistan ..... but as usual pakistan #cheat with every #indian \n\n..........shameless pakistan,pessimism
@theurbanologist the tunnels! I shudder to think of the grimy tweets...,pessimism
üòëüòëüòë&lt;---- that moment you finish a Netflix series and have nothing else to watch. #depression,pessimism
"@Slippus @PureGym  yeah I received a fine today which I am furious about, currently appealing it after being a member for so long...",pessimism
"And btw... I really did stay in bed all day today. #depression I hate being lied to, fuck liars. -w-",pessimism
"Don King...his actions really sadden me today...the word 'may not' have the same power to all as it once did, I still cringe when i hear it",pessimism
"With only 7 months left until I possess my undergraduate degree, I feel like I can't handle adulthood anymore #anxiety #nojobsinbiology",pessimism
The joyful tambourines have ceased. The noise of the jubilant has stopped. The joyful lyre has ceased. -Isaiah 24:8,pessimism
"my boyfriend once forcibly stopped all of my anxiety coping methods at once (holding me, forcing my hands down that kinda stuff) and I --",pessimism
"No #gbbo from us tonight sadly, we've got a date with some nachos @ODEONCinemas #BridgetJonesBaby",pessimism
@sphiwememela...its bad.I am fearing for my lifeüôè,pessimism
@KatHeartwell some don't see the difference between courting and appealing to a women vs deception &amp; pressure it's depressing,pessimism
So grim being up at 6,pessimism
"I miss my gran singing Rawhide, in her deep baritone growl.",pessimism
two major banking stocks down almost 15 to 20 % from their highs while benchmarks still close to top it is a sure #worry for markets,pessimism
@ducktapepr @midnightaction @juliea592 @catherinerusse2 I dread to think... #DirtyPeople,pessimism
"@mehnazt @Mel_Harder I live a life devoid of mirth. Come to think of it, there aren't enough taco bowls in my life, either.",pessimism
"Maybe I'm too cynical for my own good, but I'm afraid, this is the only way to understand Nigeria.",pessimism
Love this! Laughing while crying works too! #katherinemansfield #failure  #dealingwithfailure,pessimism
ya boy gets mad tired of pine trees,pessimism
I've realized my anxiety is at an all time high when I'm in my office. I feel prisoned here and I pick up on bad energy.,pessimism
"@AlamRahman today which can impact the signal, I'm afraid :-( Our engineers are working to have this resolved by this evening and you'll",pessimism
#Scorpio always seek revenge!,pessimism
Stupid people piss me off...busted my ass...and my coworker takes off with all the tips...thnx for nothing  #thatsmyluck,pessimism
Job interview in the afternoon #nervous #ek,pessimism
"They'll be yo friend, shake your hand, then kick in yo door thas the way the game goü§ñü§ê.",pessimism
So depressing that it's darker so much earlier now,pessimism
"@msfang they say you attract what you see, maybe I shouldn't be a pessimist but I don't wanna take any chances lol can't wait to relocate",pessimism
"@SaraLuvvXXX : Whaaaat?!? Oh hell no. I was jealous because you got paid to fuck, but this is a whole new level.  #love #conflictedüò¨",pessimism
some of the casuals tweets that Vic has faved are making me gag ,pessimism
Well my evaluation came back and i am minimally effective. Student test scores on the PARCC sunk my eval. it's time for me to quit teaching,pessimism
@HotRodArchie @qadkins79 I have noticed since #HillarysHeath has become an issue the left is going full panic mode. #NTAC,pessimism
ok so i got my madden 17 refunded but now i gotta wait a few days for the money and now gotta pre-order fifa again....,pessimism
Nobody wants a grouch but DONT move to SD if you want to be a rapper. #serious,pessimism
@AldiToHarrods I'm still too nervous to try it. I need to man up and give it ago.,pessimism
"- blood and mucus and he chokes and has to swallow, mirth cut too short. 'Wrong answer.' It takes some awkward movements - @PersuasiveFuck",pessimism
"@MHChat if we don't understand how to express our emotions to others, may lead to sadness / loneliness &amp; neg impact on long term mh #MHChat",pessimism
@JlKelly1 @FJ_Berry I've got #teampaella presents on their way for you and Fi but I don't think they'll arrive by Saturday sadly!! ;),pessimism
"A cheerful heart is good medicine, but a crushed spirit dries up the bones. A wicked man accepts a bribe in secret to pervert  justice.",pessimism
@Ashleyavitia_ don't leave me #sad,pessimism
Honestly don't know why I'm so unhappy most of the time. I just want it all to stop :(   #itnevergoes,pessimism
@CTV_PowerPlay @lraitt Horrid disease! My maternal grandmother and each of her sisters suffered from this affliction. It's hard on all.,pessimism
@Barcabhoy1 Of course not. Didn't sink his studs into a knee like Forrester,pessimism
It's been 5 weeks and I still go through depression smh,pessimism
I am often disturbed by what some people find appropriate or acceptable. It's not funny nor cute that adults find this stuff humorous. #sad,pessimism
Love takes off the masks that we fear we cannot live without and know we cannot live within. - James A. Baldwin,pessimism
"me: wow today's such a good day \n*an hour later: burns food, gets sick, spills boiling hot water on myself*\nme: never mind",pessimism
"@British_Airways In your Concorde Lounge in Terminal 7 JFK. So saddened to have to say, service so far is dismal. Don't expect a reply.",pessimism
Body is sleepy but the mind is active. So sad... Have to get ready for work in 30 minutes. Damn! ,pessimism
No we didn't just bully our professor to move the Chem quiz to Monday üòÇ,pessimism
"My boss likes to stand in my office &amp; smile at me like a shark: maliciously gleeful, and ask me how am I as if I have a secret to tell her.",pessimism
This world has some serious issues we should all go to therapy,pessimism
"When you wake up, scroll through social media, and another father was taken from his child  #everyday #KeithLamontScott",pessimism
Democracy doesn't work\n #mob #mentality #mass #hysteria  #mongering #oligarchy,pessimism
I'm so bored and fat and full and ridiculously overweight and rolls galore #terrible,pessimism
"tesco. why OH why cant my Visa electron be accepted on line , I am 55 , NOT 15 ?? ",pessimism
"@peregrinator1 I admittedly went into this series thinking we'd see the Jedi in their heyday, not as dysfunctional UN Peacekeepers in space",pessimism
"There is no dark side in the moon. In fact, it's all dark.'\nGerry O'Driscoll at the end of 'The Dark side of the Moon'",pessimism
I truly believe in my heart right now that Satan is rejoicing because we are all against one another,pessimism
My ukulele bag has fallen apart. üòê WELLL AT LEAST my life hasn't yet!! #optimism,pessimism
Realized I intimidate people with low Self Esteem a long time ago. I only surround myself with Winners and people who know how to get money,pessimism
"Three days off a month with two ex wives and no home could be worse. I don't know how, but it could #oilandgas #optimism",pessimism
"I hate that if I don't start the conversation, there won't be one.",pessimism
"Ignored broken tooth for so long, now have abscess. Need dentist but #fear makes it hard for me to go..45 and still can't go to dentist",pessimism
Somehow 90% of the sausage in this pasta I made sunk to the bottom so I'm eating sausage with a tiny bit of leftover pasta,pessimism
I have a fear of failure but no urge to be productive,pessimism
"@Tik115 Issue with that is, will the effort involved get back the amount I put into it? That's what I'm fearful of.",pessimism
"_Her mind is a #dark room,\nDeveloping #Madness  ‚ô®üòò",pessimism
What's the worst affliction that you or someone you know ever convinced yourself you had?,pessimism
I just want to be in Canada rn üò≠ awe,pessimism
@HonestAndFrank but  @BillCosby drugged and raped those women. At least you and Barb were sober and consenting!!,pessimism
I got a NO RESPONSE again from an #irate customer of #amazon üòûüòû\nwhy can't they understand that it's not always amazon fault..\n#carrierfault,pessimism
Last night I had a dream that today was Christmas. I woke up screaming because I wasn't ready. #nightmare,pessimism
"Everything is far away because time is short, no rest for the weary.",pessimism
i love that tay &amp; tiff are just sitting at my house while i'm at work üôÉ,pessimism
@thetroche94 @ramiro_cedeno yeah if you want to become obese it is! üòÖ I can afford it so I don't think it's that serious haha,pessimism
@MHChat #mhchat Childhood experiences inform adult relationships. We have associative memories Not a question of ability to process #sadness,pessimism
"@narcissusheiyan  maybe it'd have been different if I stayed for sixth form? But still, the oppressive architecture, uninteresting people",pessimism
Starting to get butterflies in our tummies about tomorrow...who will win?! #nervous @IPMCOGSAwards,pessimism
for an lgbt person to tell someone else that how they identify isn't valid is so sad and against everything we should stand for,pessimism
"Feminists should ask themselves, why they're so unhappy, and why they lack love in their lives. Is it b/c they are fighting a losing game?",pessimism
I know it's the final day of summer when it's the finale of @CBSBigBrother #sadness,pessimism
are you feeling horribly depressed and despondent about life and your future' - @lauraroyden always knows just what to say,pessimism
Literally being here makes me depress tbh,pessimism
I don't want speak front to him #afraid #intimidate #nopanicattack,pessimism
Quinn's short hair makes me sad. ,pessimism
It's a gloomy ass day,pessimism
a pedicure is supposed to be nice but honestly I'm so nervous rn my feet are too ticklish,pessimism
@URClassless I think that yawning actor died of a drug overdose. #glee,pessimism
"Seeing #RIPShawtyLo got me thinking bout other rappers then I thought about @LilTunechi dying, and burst into tears... Smh",pessimism
@OHSOVICTORIOUS_ @FaZeAdapt We all seen it coming.. it's sad. But her Instagram comments on her pics are funny. Adapts fans blew it up üòÇüòÇüòÇ,pessimism
@wowairsupport it world be great if the live support was actually helpful #nightmare,pessimism
@YahooFantasy update may have been the worst mistake of my day ,pessimism
"It is a solemn thing, and no small scandal in the Kingdom, to see God‚Äôs children starving while seated at the Father‚Äôs table. -AW Tozer",pessimism
Wish I was a kid again. The only stressful part was whether Gabriella and Troy would get back together or not. #hsm2 #nightmare,pessimism
Halfway to work and I realize I forgot to put on underwear....It's going to be one of those days! #mombrain #toomuchgoingon #longday ,pessimism
How sad is it that I'm rejoicing over a 72üíÄ #collegekills,pessimism
Tell me how I'm supposed to feel. #broken #hateful #guilty #love #sadness,pessimism
Start the convo...don't shy away..mental illness abounds in society including our workplace...be informed... #tsdoffsite,pessimism
Even a pencil‚úè never #stayed  with me until it's #end ‚ö´ üòû,pessimism
Ugh.. Why am I not asleep yet. Fml. I think low key I'm afraid I might miss something. #SleeplessNight #sleepy #restless,pessimism
It's become a verb. 'I'm gonna Villase√±or all those old contacts I don't need anymore.' #sadness @melissavcomedy #waitingforexplanation,pessimism
Should've stayed at school cause ain't nobody here,pessimism
I can't WAIT to go to work tomorrow with a high as fuck fever. [sarcasm]\nHopefully I'll feel better tomorrow.\nBut I doubt it. #pessimism,pessimism
Condolences to the  JC and the Georges family.. #sad,pessimism
I wish I could live in y'all reality where i can grieve over people i never met. To bad i got BROTHERS dying left and right .,pessimism
@RussiaInsider Really sad &amp; surprising. 1 side #Russia fighting against #IS &amp; on the other supporting #Pak which is epic centre 4 ,pessimism
@kayleighmcenany  @DonaldJTrumpJr Is that really all you can offer for those who sacrifice daily to keep you safe...? @kayleighmcenany #sad,pessimism
A Leopard never changes its spots! #lost,pessimism
So @JeffProbst those of us born in 85 have no generation! Where is the gen-less tribe! Ha! #survivor #lost soles,pessimism
"She used to be beautiful, but she lived her life too fast - Forest City Joe #blues #blinddogradio",pessimism
"Defining yourself in terms of opposition, i.e. the clouded mirror phenomena, is almost always a mistake.",pessimism
When you realize there is #NoHopeForHumanity so you just #start focusing on what's #best for you.,pessimism
@UCSMindfulness thank u so much! we just finished another #mindfulness film called #release about #anxiety - plz share!,pessimism
A3: But chronic sadness may mean there are underlying issues than getting sad occassionally over a particular issue (2/2) #mhchat,pessimism
Do you know how much it hurts to see you best friend sad?,pessimism
"@Lizombi There's a difference though. A grudge cab be tamed. Feeling uncomfortable is pure emotion, you can't really control it.",pessimism
Smokeys dad is sad :/,pessimism
Going home is depressing,pessimism
We express our deep concern about the suspension of   @MohammedSomaa01  please reactivate it. he never violated T.roles @Support,pessimism
Been working in Blanchardstown shopping centre for over 2 years now and I only figured out today where Marks &amp; Spencer's is #lost,pessimism
now im all alone and my joy's turned to moping,pessimism
My bus was in a car crash... I'm still shaking a bit... This week was an absolute horror and this was the icing on the cake... #terrible,pessimism
The terror threat level really need to be raised,pessimism
even walking around with my family members who carry guns makes me nervous and theyre my family....,pessimism
What a sad day...1st day of Fall...I don't dislike Fall...I just LOVE Summer #FirstDayofFall #goodbyesummer #sadness #bathingsuitsforever,pessimism
@bdp514am We are a tired and restless community. We are human and tired of asking for change only to be ignored.,pessimism
I don't even #feel #anger anymore can't explain it .. #Tulsa #Charlotte #Trayvon #SandraBland #Philando #Ferguson #BatonRouge #MichaelBrown,pessimism
I know this is going to be one of those nights where it takes an Act of God to fall asleep.  #restless,pessimism
"I don't know what's worse, the new Pizza Hut commercials or the pizza that Pizza Hut makes. ",pessimism
@6itmap I can't help but feel melancholic!,pessimism
@faye_catherine happy anger sad melancholy confusion #woodspurge,pessimism
Floofel.i wonder if your mother knows how dark your humor can be.Needs to realize how much of a butt Apple is. Pastels and cats.cutie pie.,pessimism
Why doesn't anybody I know watch penny dreadful? ‚òπÔ∏èÔ∏è,pessimism
@zavierdaniels had to snap going crazy üò≠üò≠,pessimism
"This room is rather dreary, but we endure what we must.",pessimism
@V_of_Europe @ckolacia MSM relentlessly saying DT can't win to: depress GOP turnout &amp; provide cover 4 stolen election!,pessimism
Baaarissshhhhh + sad song =  prefect night ‚Äî feeling alone,pessimism
@reecetop10 Bk to 1 up top pack midfield Stifle any flair we possess kill any entertainers #dull #reshuffle #predictable #slow #average,pessimism
Isn't the whole 'it's been hijacked' argument the same argument used to ban or discourage the display of the St George's Cross? Shame @LBC,pessimism
@wabermes The @RavalliRepublic had a good one but then the reporter quit. #sad,pessimism
@williamcontrol just preordered The Pale EP... Would have paid for the phone call... But I would have freaked out and not said anything ,pessimism
to shake and my mouth was chattering and I couldn't take right because all of my body was trembling so I went outside,pessimism
@hoemanda69 wtf is tenacious and jubilant,pessimism
@flybe Doesn't explain the ability to land at Manchester but not Bradford - other than more convenient for Flybe. Many unhappy travelers,pessimism
Actually I always idealize the end of my relationships .. Such a pessimist,pessimism
@oreillyfactor why dont #blm #thugs want #justice when its black on black #gang crime? They only #rage and cry #racism when its a #cop,pessimism
@ChrissyCostanza and have social anxiety. There is many awkward things wrong with me. üòÑ,pessimism
@dfkm1970 @tomddumba the struggle is real. Whoa! I worry for the younger generation üíî,pessimism
being bitter only hurts yourself lmaooo,pessimism
im so gloomy today,pessimism
It really is amazing the money they give to some of these QB's #nfl #texans #brock ,pessimism
so lost i'm faded,pessimism
@joey_coops yes Hun! Avoid at all costs!! #nightmare,pessimism
An hour played and @ASFCofficial have conceded less at West ham than @ManUtd have at northampton.  Let that sink in.,pessimism
@maggyvaneijk Old age?! No hope for the rest of us. Destined to become deatheaters by 50 ,pessimism
@T_newhouse13 as granny would say I don't know how to chirp,pessimism
@gurrie_j thanks for making me super sad about Pizza.  #freepizza,pessimism
I'm so nervous üò≠,pessimism
@tweetingacct @amandacarpenter @TeamTrump the 'pledge' would have never have to be made if petulant child POStrump didn't threaten to run,pessimism
"@MoneyJay901 hard to tell in your pic. My mistake then. Either way, nothing I said initially was about race. U took it there. #sad #ignorant",pessimism
How can l rule my mind !!!!!! \nIt's hilarious that you can't üò≠üòëüòÆ,pessimism
@mikeburke91 @AP I guess. It's just heartbreaking the ease with which they can kill an innocent man and get away with it. ,pessimism
Regret for the things we did can be tempered by time; it is regret for the things we did not do that is inconsolable. - Sydney J. Harris,pessimism
I feel like no one is out there on #Twitter  for me.... can anyone see what I write #sadness #rants,pessimism
@jccrocker #CharlotteProtest do u #wait 4 the facts #video or do u #hate now ask questions later  #protest #PoliceShootings #suggestions,pessimism
@dc_mma @ChampionsFight think shes afraid to fight Holly. One can only imagine what goes through her head when she thinks of Cyborg #terror,pessimism
"@CSNHayes understandable. Hard when he has zero offense behind him, and only a few wins since the All-Star Break.",pessimism
"@iamsrk what's up w the gender bias? #indignant This fancypants saddler's daughter will opt for the leather jacket, thank you very much.",pessimism
"In inter-group relationships, #anger makes people think in more negative and prejudiced terms about outsiders.",pessimism
"I'm okay, dont worry. I wish i'd been a better kid. I'm trying to slow down. I'm sorry for letting you down.",pessimism
"If Payet goes either in Jan or @ the seasons end, can't say I blame him. The boy must b so disheartened by what he's seeing at the mo.",pessimism
Studying the phases of oscillation. How jovial. üòêüî´,pessimism
I wonder what would happen if I were a father. #weary,pessimism
It's weird because I was discussing sex resentment and confusion in the thing I was writing last night.,pessimism
@SalterUK second pair of scales I have bought that have stopped working after battery change. Is this an issue you are aware of?  #unhappy,pessimism
"oh, btw - after a 6 month depression-free time I got a relapse now... superb ",pessimism
Whenever I'm feeling sad I will listen to monsta x and hug my teddy bear and I always feel better,pessimism
I'm just always too shy,pessimism
"Americans as a whole are, for the most part, feeling borderline despair at the very least. Looking at a situation out of control.",pessimism
My #anxiety is rising tonight and I'm not sure why. Sometimes I wonder if I'm a magnet for any free-floating anxiety in the universe.,pessimism
@LFScott57 Miss Cookie sends her thanks! She's not as spry as she used to be - like me! She doesn't have the adventures the young pups do!,pessimism
when u havent learned to swim ü§î but you keep working out so you're denser and less buoyant üòû but swimming is scary ü§î but also u cant swim üòû,pessimism
A pessimist sees the difficulty in every opportunity; an optimist sees the opportunity in every difficulty. \n‚Äï Winston S. Churchill #quote,pessimism
First day of college feeling nervous,pessimism
"@LindaFrum sadly, at least 3 more years of this. At what point will even the low info selfie lovers who voted for them say enough is enough",pessimism
@NicKeaney Hope they refuse :( x #depressing,pessimism
This weather making me dread work tonight,pessimism
"@MHChat sadness with resentment is the past, sadness with fear is the future. try to live in the now #MHchat",pessimism
Multitasking .... I may have to induce these seeds of mine to sleep. #restless,pessimism
"@stephtikkanen oh so true, so true. #shudder",pessimism
"üò©üò©üò©üò© heads melted, very tired but can't sleep. #nightmare",pessimism
Heard of panic! At the disco? How about Kach-ing! at the ATM,pessimism
there are magpies gathering around me help I'm going to be swooped ! #terrorism,pessimism
i'm doing laundry and watching that 70's show with a bunch of strangers.  #birthday #to #me,pessimism
"Watched the movie, friend request at 2am awhile ago in a dark cold night and it was one of the bad choices I've ever made. #nightmare üò∞",pessimism
Honestly depression is kicking my ass lately.. üòî,pessimism
Somewhere between  #hope and #despair the day after #meetingmyabuserincourt \n#DVSurvivor,pessimism
I'm honestly upset that they rewarded Nicole 500k. #depressing #paulwasrobbed #rewardhardwork #bitterjury #bb18,pessimism
i cant live anymore my roblox got termianted :((((((((((((((((((((((((  #killme #lol #robloxgamer,pessimism
I've returned from the dead with a desire to clean the apartment and eat something that isn't garbage. #managing #depression,pessimism
Haven't gotten one hour of sleep... Today is going to be a fun day üòê ,pessimism
But i'll be a pity. üêë ,pessimism
"@tariqmateen but sadly he missed some crucial and important points. Indian terrorism in pk,  kal Boshan,  etc..  Raw involvement",pessimism
Losing the will 2 live with @virginmedia business bb gone down on hold for 23 minutes &amp; whoever picked up cut me off  #NoWorkForMe,pessimism
How do you ever stop being #afraid of someone that you live with,pessimism
"@tcarrels  \nSo when exactly did you lose your mind, pal? \n #Trump #fraud #misogynist #liar #psychopath #narcissist  #conartist",pessimism
And I cried in front of my guy last night. And it's just been a horrible week but it's only for a week,pessimism
"life is hard., its harder if ur stupid #life #love #sadness #sadderness #moreofsad #howdoestears #whatislife",pessimism
"@soozclifford Sure have... Sydney are too tough, too quick and their 'team' pressure is too much for the Cats to handle. Motlop/Cowan ",pessimism
*Still waits for Yang. Guess she really needs her sleep or something. Kittens feeling kinda dejected right now.* #Offline,pessimism
"@pottermore : I can't find my patronus, the website doesn't work, I can't even see the questions.... #sadness...",pessimism
I want to pour all my tears on someone right now. So tired of this #upset #sad,pessimism
the sad moment when u hand in an exam knowing u failed and grieve by eating and sleeping,pessimism
"With that draw, the scum must be rubbing their hands with glee! Typical draw for the Woolwich lot!!! #jammygunnerscum",pessimism
@chloemcaleese what a nightmare!,pessimism
"That heart pounding, goosebumping nightmare experience! üò® Woke up 3:00 in the morning with that scary, bad dream of mine. üò∞",pessimism
"@__lucymellor No idea, just exhausted and I was tidying my room and just burst out crying ... fs",pessimism
That moment of #panic when your zipper gets stuck when you're in the #bathroom and you realize the only way out of your jeans is #scissors,pessimism
"me, myself, and I \n #horror movie alone again tonight maybe a #zombie would eat me and finish my life game already - i want #gameover",pessimism
Gotta wonder why Caller Max listens to the show in the first place if you so incense him @MSignorile,pessimism
@LaurenBrierley2 sparkling water = death,pessimism
My Modern Proverb: 'Don't let anyone intimidate you about being single; most marriages end in divorce.',pessimism
I sulk too much for my own good.,pessimism
It's so gloomy outside. I wish it was as cold as it looked,pessimism
"@AliceGoodman17 i dunno, I'm getting less of the spacious lovely autumnal melancholy from our present apocalypse",pessimism
"#WeirdWednesday OKAY! That jump-scared the #Poop out of me right there. Bad dog, BAD! Total code-brown in my favorite pants. #Damnit #horror",pessimism
"#twitter #users Tweeting on twitter is like playing a game against the computer. Where's the life, Everyone too #afraid to say something?",pessimism
"üò©üò©üò©üò© heads melted, very tired but can't sleep. ",pessimism
depress üò≠,pessimism
@1VoiceMatters @MichaelTPremo just got wind of #MenForChoice and it doesn't infuriate me. Just makes me sad for the generation.,pessimism
"A MOMENT:\nIf you kill it in the spirit, it will die in the natural!!!'-@PRINCESSTAYE #murder #suicide  #racism #pride",pessimism
"236:416 While she was in her dull and sleeping hour,\nA crew of patches, rude mechanicals,\n#AMNDBots",pessimism
@realDonaldTrump negative campaign of doom and gloom don't win elections,pessimism
@BitcoinBelle @pamelawjd Start mournful then kick into major key in last verse where good guys win? (Or just change words in existing song?),pessimism
All I want to do is watch some netflix but I am stuck here in class. #depressing,pessimism
Today you visited me in my dreams and even though you aren't physically gone I still mourn you,pessimism
Dylon felt dejected. He has a dejected aunt!,pessimism
Always hurting somewhere..... ALWAYS tired ....when are you lively ??,pessimism
what to wear Friday \nspeaking in front of 100's.   #nervous,pessimism
Go away please ... I'm begging ¬ª¬ª¬ª #depression #anxiety #worry #fear #sadness \nDreams of joy and my baby to be found...Sits on #AndisBench,pessimism
Living life so relentless,pessimism
something incredibly terrible about my life is i'm 23 years old and still suffering through group projects..........,pessimism
"Too many are on their 'yeah, the thing going on with cops shooting innocent people is sad - but just not in my backyard, so..'  #blm",pessimism
That AK47 leave your spine with a frown,pessimism
@laray_jenkins2 @SportsInsights yeah I know it unless our offense can get something going. That's a big if,pessimism
my life in one word is depressing,pessimism
Well I won't be doing a unboxing of the iPhone 7 plus on my channel until November sadly. Thank you @TMobile @Apple Staten Island NY smh,pessimism
Being shy is the biggest struggle of my life. üôÑ,pessimism
"Well, I had hopes for today. No go. #unhappy",pessimism
I get so much PUSSY\nP - panic attacks \nU - uncontrollable anxiety \nS - suicidal fantasies \nS - sadness \nY - yearning for death,pessimism
@Theresa_Talbot @fleurrbie Haha...sorry about the dreadful puns... I need to get out more....I've been cooped up lately...,pessimism
@el_tityboi bc it's a gloomy day Tony,pessimism
Don't be bitter,pessimism
@FlakeJay ring ring! #depression is here,pessimism
This nigga doesn't even look for his real family üôÑüòÇ #sad,pessimism
"@BetteMidler @Adele @TheGarden @charitybuzz Also, apart from Skyfall, her music is dire and boring.",pessimism
Too many gloomy days,pessimism
#PeopleLikeMeBecause of some unknown reason but I try to discourage it,pessimism
The weather changed from sunny and bright to gloomy just in time to match my afternoon mood. üòí,pessimism
@BBCPolitics @BBCNews I'd rather leave my child with @BorisJohnson #shudder,pessimism
Biggest #THREAT 2 #GLOBAL #STABILITY? #climatechange #food #water #security #terrorism #russia #war #trump #clinton #geopolitics #korea $vwo,pessimism
This the most depressing shit ever,pessimism
How can you blame the manager watching these players play? It's abysmal. Our team are dreadful. If Jose can't save us. No-one can.  #mufc,pessimism
@JohnKerry can be as indignant as he wants but the world knows Obama will do nothing and Putin will just do what he wants #Aleppo #Syria,pessimism
@UNHumanRights @UNDP_Pakistan wat an irony? #Pakistan lecturing the world on curbing #terrorism,pessimism
Feeling worthless as always #depression,pessimism
I feel like singing the song human sadness by Julian Cassablancas and The Voidz or some other sad music. #depression #sad #sadness,pessimism
Bring on my interview at hospital tho üôàüôà #nervous,pessimism
I'm not sure if burning and looting really can positively impact a community,pessimism
@LonelyGoomba I wouldn't bring this up if I were you. It's a very touchy subject. And people get way to offended these days,pessimism
Projection is perception. See it in someone else? You also at some level have that within you.  #worry,pessimism
"Why does @dapperlaughs have to come to Glasgow on a night I am working. I am fucking gutted, been waiting for an appearance for ages #raging",pessimism
the thing with Twitter is i only remember to tweet when i'm bored or alone and then it comes across like i have a really dull and sad life.üëΩ,pessimism
@AmyMek this is so absurd I could laugh right now (if I also didn't feel like crying for the future of our country). #despair #wakeupcall,pessimism
On the wheel as we grow older and become aware of ourselves as individuals with a dull responsibility in life?,pessimism
"oh, btw - after a 6 month depression-free time I got a relapse now... superb #depression",pessimism
Thought I left that part of life behind me\nIt's back to haunt every girl that loves me,pessimism
@DoubleEph sadly his best days are behind him,pessimism
@Uber_RSA when you click over and over again for a cupcake but there are no vehicles available... #sadness,pessimism
Well i did hear once before that girls are attracted to men that look like their dad!  üëå ,pessimism
@Sopp97 sorry to upset u madam.If you have got any queries don't hesitate to contact our PR department.In the meantime do you fancy a beer?,pessimism
@Aamnaa___ @drkarthik_n your per capita income is almost same like us. Gini Coefficient is very dismal. Ambitions are high but output Zero.,pessimism
"@MoonPendent13 One of my friends has a fear of mirrors because he tried to summon Bloody Mary, and he thinks she's going to pop up any time!",pessimism
. @UNFCCC @uncclearn The problem is the time it has taken to do this means its going to be out of date already. #sadly,pessimism
@naynay_whores im pretty sure cause ever since saturday ive just been super sad lol,pessimism
Put my passport in a safe back after getting back from Australia üåè. Only problem is now I can't remember where the safe is!! #panic üõÇ,pessimism
Am I the only one with parking sensors who still manages to reverse into things? #nightmare,pessimism
Just feel awkward that I'm being timid to everyone.,pessimism
@JamesWickham Congratulations!  My top home-owning tip: try not to look at your mortgage balance too often.  The slowness will depress you.,pessimism
I can never find the exact #emoji that I'm after at the exact moment that I need it #panic,pessimism
@Nxrthstxr I think it's the daunting fact of the typical offer being those grades. Even though it's been proven not to be the case exactly,pessimism
we shiver in the pause between words \nabandonment still fresh upon the tips of our tongues,pessimism
"Being at the airport is so depressing.. watching all the loved up couples and cute people coming off holiday,too cute..hurry up November ‚úàÔ∏è",pessimism
Has anyone noticed that @npr stories in recent days all paint positive accomplishments for Trump and challenges for Hillary? #surprised #sad,pessimism
"Going off reports on Sky, Stoke played ok tonight. Think i'll stay off the messageboard tonight though -it will be grim on there :/",pessimism
Don't chase fame\nif you're going\nto resent it\nwhen it starts\nchasing you'\nWRDSMTH,pessimism
Time wounds all heels.\n\n#DrunkJesus #rt #lol #wisdom #quote #comedy #self #Revenge #grudge #hate #time #funny #politics #Trump #POTUS2016,pessimism
"Oh, I should just 'get over' my #depression and 'be happy?' Don't you think I've tried that thousands of times already? You're not helping.",pessimism
"It feels like there are no houses out there for us. With the most basic requirements I have, there are literally no options. ",pessimism
Im having a real life conundrum cuz i cant find a good spot for my mini hoop and its really starting to depress me,pessimism
Maybe @SamHeughan can send me good luck on my job interview tomorrow. #nervous üò≥,pessimism
@Dominos_UK worst thing is i have confimation from them ,pessimism
3years today marks the anniversary of that horrid Westgate Attack in Nairobi. My heart out to all those of us who lost our family &amp; friendsüïØ,pessimism
$FOGO max pessimism here and no bottom (yet).  Has a solid PE ratio for a restaurant.  Let's catch it at 8 level or 10 level if it comes.,pessimism
sorry Main twitter im in depress,pessimism
"Anger, resentment, and hatred are the destroyer of your fortune today.'",pessimism
@SteveBryantArt I was pretty sure it was a Golden Ticket. Get a tour. Make a mistake. Something horrific will happen to you. Good day sir.,pessimism
"The man who is a pessimist before 48 knows too much; if he is an optimist after it, he knows too little.'\n-Mark Twain",pessimism
@patthemanager how could I work with @chancetherapper . ? #serious,pessimism
Honestly don't know why I'm so unhappy most of the time. I just want it all to stop :( #unhappy #depression #itnevergoes,pessimism
I freaking hate working with #word on my phone #rage #write #writing #writerslife #writerproblems #writer,pessimism
"@RoWillFindYou Eric couldn't help but laugh, though that made him wince in pain. It hurt. A lot. He just wanted to sit down somewhere ‚Äî",pessimism
"*wants body to look a certain way*\n*eats 3 cookies, mac n cheese, kitchen sink, and small neighbor child*",pessimism
Like he really just fucking asked me that. ,pessimism
"God, I've been so physically weak the whole day. So much shaking :(",pessimism
#WTF @NYSCHereToHelp @NYSC allows #gym #bully #atmosphere! #jumpship #nasty #atmosphere #unprofessional,pessimism
"Although this is my best semester so far, this is also my most depressing because I'm constantly reminded that I'm not meant for greatness",pessimism
I can see how this will end\nIn all its bitter tragedy\nI'll give you all I have to spend\nAnd you'll give nothing back to me,pessimism
"@blackeyed_susie They ain't going away, and I don't want to see them hurt; changing hearts/minds is really our only option, no? ",pessimism
im having the worst week ever and i cant even go home yet to just sulk in my bed,pessimism
"you make my heart shake, bend and break.'",pessimism
"#Terencecutcher #Tulsa the man onthe helicopter said he looks like a bad dude, that is the problem, when they see black they see bad, #sad",pessimism
@Kim_is__bored exactly what I have been saying on fb.. ,pessimism
Today has dragged on #restless,pessimism
And here we go again üòì ,pessimism
How long will they mourn me?,pessimism
"@pureleine though lately with how bad my depression has been i feel like my body is like just, taking what little it can get",pessimism
"@JBoughton93 he might donate the money but it won't stop shit, pessimist",pessimism
@excalibater I'm very shy irl and lately I feel like everyone's doing their own thing and I don't fit in anywhere and I feel lonely :(,pessimism
I haven't watched my favorite youtubers in months and it's honestly made my depression so much worse,pessimism
My cell won't hold a charge üò¢ #sadness So should I...,pessimism
@atheist_taco @DrJillStein :^) well cucks among her ranks agree equally about their outrage of black youths shot and harambe.,pessimism
"My two older boys were elated, my toddler was terrified. I have pics of his poor little face peeping through the hole in the basket.",pessimism
"bad news fam, life is still hard and awful #depression  #atleastIhaveBuffy",pessimism
"@NFYFC @Wilkster_ hmm, don't know many yf  who are short on confidence! Wish I'd been one, #shy",pessimism
"i swear to god the worst drug is loving someone. physical withdrawals aren't that bad, emotional withdrawals sting a little more",pessimism
Back in Cardiff after an amazing 10 days away üò≠ #depressing,pessimism
I want to pour all my tears on someone right now. So tired of this #upset ,pessimism
@JoeGoodmanJr. A solution. But the assumptions by media in articles and every other venue causes animosity to the conversation.,pessimism
It's really sad when you can't order goods from china and the likes because of Internet fraudsters... What's this government really doing.,pessimism
amateur author Twitter might be the most depressing thing I've ever seen,pessimism
"Meanwhile, the so-called M‚Äôs fans sit there knitting or sleeping not sure which but they certainly aren‚Äôt cheering like the other teams fans",pessimism
"So looks like @united would rather lose all my business, than let me apply my credits towards my change fee, due to terrorism",pessimism
Why does having anxiety drain some much of your energy #anxiety #sotired #needtosleepforhours,pessimism
Fosu-Mensa is having a nightmare 15 minutes. Difference between Premier League reserves and League 1 is still wide,pessimism
@NewYorker @donlemon Trump presidency-a dark age for the USA and the world. He would most definitely take us to war. Short &amp; Long term pain,pessimism
@gagasklaine it's old sadly,pessimism
@kerophibian depressing,pessimism
"So depressing to watch news, today out of 100 bullet news 10 were of rape! What's wrong with people #india #shameless #depressing",pessimism
Feeling worthless as always ,pessimism
Overwhelming sadness.  This too shall pass. #lost #lonley #startingover,pessimism
@funkxwidme only #true #depression #fans will get this one üòÇüòÇ,pessimism
"@ddcl2519 @ABC not nice.  Wishing harm on another human being is deplorable.  Your comments show how human, and humane you are. #bully",pessimism
Overtime... #TeamNA #WCH2016 #nervous,pessimism
"‚ä∞ @FrameOfAnAngel ‚ä± \n\n+ Of them. I'm here for answers, and if I scare her to death, there won't be answers for me. \n\nSo instead, I just +",pessimism
"@iStoleFreeHugs @stephlaris lol I'm happy with my negative, realistic ass self. Sorry to offend you",pessimism
@Mets @JdeGrom19 I'm depress now,pessimism
The anxiety I have right nowüò≠üò≠üò≠,pessimism
@CarrieLynne2323 totally get it. When you've said no to donuts 13 times one week and lost 0.3 lbs you get discouraged! But it's not linear üòò,pessimism
"#WeirdWednesday OKAY! That jump-scared the #Poop out of me right there. Bad dog, BAD! Total code-brown in my favorite pants. #Damnit ",pessimism
"@Sargon_of_Akkad It'll be like burning rap albums; they'll have to buy it first, but gosh darn it, they have to get rid of it.",pessimism
@ClvlndK8 It's so sad! There's always such optimism with a new year. This is...not good. @BuckshotBandit1 @dapostrophearcy,pessimism
Trial result #sadness,pessimism
Don't wanna go to work but I want the money ,pessimism
Does she really need to pout all the time - getting on my nerves #GBBO,pessimism
@torbalan I still have some shred of optimism. It's rapidly disappearing however...,pessimism
A concern of mine is that big name FA(like Malik) will tell other big potential FA's to steer clear of this franchise till Gus is gone.,pessimism
&amp; like if your unhappy just leave. don't cheat on someone &amp; than up their view on love &amp; shit üíØ..,pessimism
‚ô™OLD FISH  #discourage,pessimism
@winksahoy we about to get shit on by the wrath of winter out of nowhere,pessimism
shake fries,pessimism
People irritate me üôÑ,pessimism
Bout ta get my @dontbreathe on up in here! @WarrenTheaters #nervous #icantholdmybreaththatlong,pessimism
The moment you bring her to meet your best friend and you're nervous af! üò¨üòÜ  #thefriendtest,pessimism
"Most days, I don't know what my heart beats for. #depression",pessimism
"#PeopleLikeMeBecause they see the happy exterior, not the hopelessness I sometimes feel inside.  #anxiety #anxietyprobz",pessimism
Don't think I'll ever get used to this 6:30 alarm üò©üí§,pessimism
both afraid of all the same things,pessimism
Glad I didn't watch smackdown because I can't see my men @JasonJordanJJ @WWEGable lose. #sohurt ,pessimism
@seantkin @coachella @RomanDanielsXXX @kodyknightXXX I see my 'eliminate the hanging tongue' campaign is a dismal failure.,pessimism
Liam is too distant makes me mourn üò™,pessimism
Trust me to lose my wallet and have to call Lifeguard &amp; Swimmers social early as VC @YSJFC ,pessimism
Background. Suffered a bit at times of #stress. Always a bit #shy. About 8 years ago (aged 30) I was made redundant. That's when it started,pessimism
I had a panic attack when I couldn't find @katrinalaw on #Twitter Turns out my Twitter is a jerk. I can still see her. #NyssaAlghul #panic,pessimism
Sometimes The Worst Place You Can Be Is In Your Own Head.'\n\n#quotes #worstenemy #depression #thinktoomuch,pessimism
"#Facebook is #depressing without even being there. Two apps want it for logging in, I have missed at least two interesting #events and they",pessimism
"But what will complaining, pessimism, regret, and anger get you?",pessimism
Mom you remember when Narley died? You cried like a baby! #bully,pessimism
And there is despair underneath each and every action \nEach and every attempt to pierce the armour of numbness ' -Mgla,pessimism
Now this is getting out of hand. I'm freaked out by this death...and I'm God!! #mommaGrendel ,pessimism
srry my feelings offend u ü§ó,pessimism
@KingNicky7 also madden isn't the funniest game to watch and if there isn't much happening it's boring,pessimism
"When I was new, I hate the Judge Judy sponsorship style- but looking back it was the only thing that worked. #recovery #sober #cantconacon",pessimism
"#ntfc mourinho is worried,  bringing Ibra  and Rushford on. ",pessimism
Kik me I want to swap pics I will post on my account anonymously if you wish Kik: vsvplou #Kik #kikme #snap #nudes #tits #snapchat,pessimism
"Ôò©Ôò©Ôò©Ôò© heads melted, very tired but can't sleep. ",pessimism
@simonschuster @StephenKing @BuzzFeed And don't forget a fear of St. Bernards. #Cujo,pessimism
Like I can't do 12 hours worth of standing or calorie burning in 3 hours üò≠üò≠üò≠üò≠ #1stworldprobs4vs,pessimism
ima kitchen sink,pessimism
I'm shaking now.,pessimism
We lost,pessimism
"Too many are on their 'yeah, the thing going on with cops shooting innocent people is sad - but just not in my backyard, so..' #sad #blm",pessimism
"life is hard., its harder if ur stupid #life #love  #sadderness #moreofsad #howdoestears #whatislife",pessimism
but that was a mistake and a half assed excuse and now here i am burning in hell forever,pessimism
Lost: Geelong football team. \nLast seen entering through the banner not sure where they've been since... #unhappy #playwithsomeheart,pessimism
"Even death is unreliable. Instead of zero it may be some ghastly hallucination, such as the square root of minus one.  Samuel Beckett",pessimism
On my life I'll never understand why anyone would pay money to see @LifeOfDesiigner ,pessimism
"Every time people push #Prescription Pot, prohibitionists rub their hands with #glee because U hand them #Cannabis &amp; yourself into #slavery.",pessimism
"I'm done with your piano, blues playing, smooth talking ass. On to the nexttt",pessimism
Feelings got cheated when I mistook the sparkling ribena to be the normal ribena......,pessimism
"Migraine hangover all day. Stood up to do dishes and now I'm exhausted again. GAD, depression &amp; chronic pain  #depression #pain",pessimism
Nothings #Working-you're feeling your life's on The Edge_Could go either way #lost all reason for #Living-JesusChristHealsSavesASK #fatloss,pessimism
Maybe I can sleep with my chem book on my head and it will all sink in my brain,pessimism
Seeing an old coworker and his wife mourn the loss of their 23 year old daughter was one of the saddest things I've ever seen üò¢,pessimism
My life is going downhill at an alarming rate,pessimism
Michelle is one of the worst players in bb history #bb18 #bbfinale ,pessimism
I feel like I am drowning. #depression #anxiety #falure #worthless,pessimism
Being bad at time management is finally starting to come back to haunt me.,pessimism
Honestly today I just felt like maybe track isn't for me #sad,pessimism
Oh man it's been so long since I've played #madden I am trash anymore.,pessimism
My bus was in a car crash... I'm still shaking a bit... This week was an absolute horror and this was the icing on the cake... ,pessimism
@LisaAsquithtobe @craig8710 @WayneHaselden @june65wigan everyone is against wigan because we are the biggest club #bitter,pessimism
"#Depression has you wanting to change the past, #anxiety has you focusing on the unknown future. Neither are about living in the present.",pessimism
The underground at Waterloo is not a nice place to be at 8.30am on a Thursday #somanypeople #grim,pessimism
8. sweater weather - the neighbourhood\ngirls/girls/boys - panic! at the disco,pessimism
but throughout that entire thing I was shaking rlly bad and my heart was racing and I was almost in tears lmao (thanks mr.*****),pessimism
went to Pet Supplies Plus tonight but @neitzkeamara was not working I feel #lost and #confused,pessimism
My mind always seems to work its best at night #restless,pessimism
The news is disheartening. Everything that is going on is a result of a lack of understanding and misinformation by the media. #sadness,pessimism
hitting your children as discipline because you're being quite a raging hypocrite if you're not.,pessimism
üôÉ back to school aka back to social anxiety üôÉ,pessimism
its so unfortunate that after all these years im still struggling with depression smh,pessimism
So unbelievably discouraged with music as of late. Incredibly behind on Completing my album. Not digging this at all.,pessimism
I hope a goal comes soon on either side. Otherwise there is a serious threat of a dull and frustrating game. #COYS,pessimism
I can't pull myself out of depression,pessimism
"&amp; as much as I hate for a dude to cheat, women forego pleasing their man, they get lazy &amp; men get lazy &amp; then it's just pointless",pessimism
What an actual nightmare,pessimism
When you lose somebody close to your heart you lose yourself as well üíî ,pessimism
@paulsherard @margarethaynie wow I just realized how much of a sexist pig I am! I am truly sorry to anyone I offended,pessimism
@WestHamUtd why does the ticket website never work? Trying to buy Palace tickets and it's impossible and says there's an error ,pessimism
@MSNBC @fox @cnn @realDonaldTrump @HillaryClinton. Using fear to state his views. Not getting the facts before making a serious statement???,pessimism
"Swear to God don't get a smart meter from your power company, 8 months of daft bills, 6 visits from British Gas  #stressed",pessimism
Feeling like I've had the worst night of sleep ever - not great before the #London to #Brighton #cycle ride for @DMTFYP üö¥100k #apprehension?,pessimism
The #pessimist complains about the wind; the #optimist expects it to change; the realist adjusts the sails.' - William Arthur Ward\n#IGNITE,pessimism
I have been seeing terrible terrible prescriptions this week. What's going on?,pessimism
"even if it looks like we are okay,  the reality of that is were actually very worn out and forlorn",pessimism
@pmo100 @5liveSport .....I heard talk something is a miss. He looks weary.,pessimism
i miss the guy who always make me sulk,pessimism
maps by the yeah yeah yeahs came on the radio today and i almost burst into tears,pessimism
I'm scared that my coworkers are going to submit me to one of those 'wardrobe makeover' shows. #fear #fashion,pessimism
@C1TYofFL1NT This will haunt my dreams. @JoePrich,pessimism
"A pessimist is someone who, when opportunity knocks, complains about the noise.",pessimism
@ananavarro @tcarrels most of Trump supporters have not clue about the meaning of the words they used just like him  #nevertrump,pessimism
I might even be on the verge of depression.,pessimism
i is sad,pessimism
"Haven't been here a while, been watching lots of TV. Conclusion #whataloadoftat...if I wasn't depressed before afternoon TV is #grim",pessimism
@raylewis name change Uncle Remus Lewis #foh #theydontlikeyoueither #lost #unwoke,pessimism
"David's #anxiety is going to send him home. As someone who also suffers, learning to look normal is an essential coping skill. #survivor",pessimism
The moment you bring her to meet your best friend and you're nervous af! üò¨üòÜ #nervous #thefriendtest,pessimism
If you think reason will prevail in this election remember that Hitler was elected by what was then a wholly 'reasonable' society. ,pessimism
And she got all angry telling me 'but what would be doing a 40 year old guy looking for a girl like you' and I felt ,pessimism
It's easy to hold a grudge harder to let go.,pessimism
"No pessimist ever discovered the secret of the stars,or sailed to an uncharted land,or opened a new doorway for the human spirit.-H.Keller",pessimism
@againstallaudss @groovydadad @Thelostchild5 @MHChat indeed &amp; is sadness unavoidable? #MHChat,pessimism
Why mfs so bitter,pessimism
@MissFushiGaming I hashtag things and the kids always tell me to stop üò≠üò≠üò≠üò≠üò≠ #sadness,pessimism
"Because it was a perfect illusion, but at least now I know what it was. #angry #ladygaga #iscalming#mysoul",pessimism
Depression sucks! #depression,pessimism
So when I try I fail... and when I don't try... I still fail... #confused and #lost,pessimism
@City_tv  is like the big bully in class ruining everyone's lunch but instead of taking our lunch money they took away family feud #bully,pessimism
@debscov65 local solutions fine but not 864 providers negotiating with 32 LA's/IJB 's #scare resources,pessimism
I'd pay good money to watch someone slap that pout off Candice.,pessimism
Houston might lose a coach tomorrow or by midnight. #yikes ?,pessimism
I'm also upset at my incorrect use of a comma. #grammar #struggle #hesitation #backtoschool üéíüìö,pessimism
"This is the first time I've written anything on this series in over two years, so I'm checking back in for one last nightmare.",pessimism
Snores on TL. Boredom sunk in.,pessimism
"Well, the lines for Sweden's goals sure sting.",pessimism
Val is far too cheery for my liking ‚úãüèª,pessimism
Being alone is better than being lonely. Know what is worse than being lonely? Being empty; that's right!\n #Loneliness #aloneinthecity ,pessimism
my bls depress the blake,pessimism
"@p0stcap I've still been trying to sort through it all, but I suppose I also shouldn't have had such high expectations. #sadness",pessimism
"A pessimist is someone who, when opportunity knocks, complains about the noise #mikeshumor",pessimism
Im so unhappy,pessimism
feel really sad and down todayüòí,pessimism
Me and these burns that I pick up off the pitches don't get on at all like üò¢üò¢ ,pessimism
Getting terrible download speeds for fifa smh.,pessimism
the Bushes were good with the forces of resentment when it made them money and gave them power. Now that it doesn't they've changed tunes.,pessimism
"@shawnstockman This would be hilarious, if it weren't so frighteningly on point. It's gone from a few bad apples to a national disgrace.",pessimism
Hey @gmail why can I only see 15 sent emails? Where's the thousands gone? ,pessimism
@reikimuse @MHChat I am beyond the sadness point. Have done it inside out. I live with CPTSD and BPD  I can't always do the pity party,pessimism
@ChrisChristie You have no Police credentials-You were a litigator. Nothing more-No Experience. #Sad #TrumpPuppet #Felon  #jersey4sale,pessimism
"Just heard what happen at grandad hometown last night such a terrible news üíî, hope everyone okay üò¢",pessimism
Fuck yall @Panthers for hiring that GOP PR guy to discourage Cam from speakinh his mind and heart about racism,pessimism
@ChristianJMay @CityAM \nConfidence held up... despite constant and continual doom and gloom,pessimism
@rockcock64 cum and despair,pessimism
"Im kind of confused.  The one thing i do right now has a great future, but on the other hand so does the new thing .  #needhelp",pessimism
@theJeremyVine Noel Edmonds reckons a cat he's talking to is stressed because of the uncertainty over #GBBO future!?!? #plot #lost,pessimism
@ananavarro @tcarrels most of Trump supporters have not clue about the meaning of the words they used just like him #sad #nevertrump,pessimism
My doctor has taken a liking to poking prodding and drawing blood from me post dad. Over concern is nice but dear gawd needles :O,pessimism
Just wish I was appreciated for all I do! When is it my turn to be taken care of!! I want a break!! #tired ,pessimism
"It feels like there are no houses out there for us. With the most basic requirements I have, there are literally no options. #discouraged",pessimism
@BigBrother__USA she is just jealous and a cry baby!  #gladsheisgone #crybaby,pessimism
From My head to think it was better but obviously it's not #relapse #sadness #sickness #madness #misunderstanding,pessimism
"@GreyTheTick But even if I jumped through that hoop, it just takes one irate netizen to decide me playing by 'the rules' isn't enough.",pessimism
@hotpatooties more like quickie divorce ,pessimism
@tomsteinfort expected i thought #fear,pessimism
Im think ima lay in bed all day and sulk. Life is hitting me to hard rn,pessimism
A Lysol can got stuck in spray position and we're all slowly suffocating from the trash can that smells like a Febreeze factory. #panic,pessimism
Man Southampton will wipe the floor with  west ham on Sunday. So disheartened,pessimism
Shantosh: How crazy would it be to walk past and talk to a person everyday never realizing he is suffering from depression or such? ‚Ä¶,pessimism
Looks like I'm going in for my op just over a week or so early! #nervous üôàüôàüôà,pessimism
"@ZaidZamanHamid Speech is still not up to the mark. No mention of 'Genocide', Indian terrorism in Pak. It was all planned speech.",pessimism
"When it comes to Syria, I get very fucking annoyed at pessimism, like I get full on triggered. Optimism or gtfo.",pessimism
"After 3 idk why I start feeling so depress, sad and lonely.",pessimism
#ADHD &amp; #anxiety are #IRRELEVANT\nAnyone will be #EVICTED if a significant amount of rent HAS NOT BEEN PAID \n#mentalhealth aside\n#CantPay,pessimism
I miss my naivety and blind optimism,pessimism
I gave up on the U20 Rugby bet on the Roosters!  #nrl,pessimism
I am just so bitter today üòê,pessimism
"My wedding is in two weeks and I'm actually really nervous. I just want things to go right, I don't want to get sick or get canceled ;;",pessimism
The snaps/Insta pics I see of the friends I made while in Cali are so unbelievably depressing cause there's no place I'd rather be but there,pessimism
I'm such a shy person oh my lord,pessimism
"ok, ok.. I know.. my last tweet was #terrible",pessimism
Dreams dashed and divided like million stars in the night sky.,pessimism
"So Mary Berry, Mel and Sue have gone with their principles, and @PaulHollywood  has gone with the fame and fortune. #GBBO  #depressing",pessimism
@Chic_Happens_ @Sean_Okeeffe1 @royalmusing I dread the comparisons to Queen M√°xima. Guarantee I will lose followers when that happens.,pessimism
"I forgot my hair straightner home, I'm feeling lost without it... #lost #lostWithoutMyHairStraightener",pessimism
@EASPORTSFIFA EA sports technical support team really suprised me üòä SUPRISED ME AT HOW SHIT THEY WERE #awful,pessimism
Last night my stomach was hurting and today I have a horrible headache. I can never win,pessimism
@yesnicksearcy @counterparty Although I don't expect a trumpie to understand the difference between real things and pretend things. #sad,pessimism
I really wish my road rage wasn't so damn bad lmaooooo,pessimism
I want to slide into the dms but im too fucking shy ,pessimism
As usual disappointing #offense by @HoustonTexans ...#Texans,pessimism
"I believe the work I do is meaningful; my clients would agree but at the end of the day, I feel like a pawn, lost in this chaotic world.",pessimism
i've seen the elder watching me during my community hours and i honestly don't have an idea about what my assignment will be. ,pessimism
#Always #borrow #money from a #pessimist. He won't #expect it #back.,pessimism
i wanna passion and fear,pessimism
"Are you lost in the fury, fearing that you'll fail?",pessimism
The @Orioles are in contention and hosting @RedSox nation and Camden is empty ,pessimism
"@SussexMistress @sarahb45 @MsEvilyne @MissJessicaWood I'd be perched on that, unfortunately wrapped in heavy chains! #sink...",pessimism
My soul is weary of fighting the battles in this world. #BlackInAmerica #WeAreNotSafe,pessimism
"Approaching #terrorism from an anti-racism POV is futile, instead promote prejudice towards racism. That way we are all on the battlefield.",pessimism
"Please bear with me, I'm not Twitter savvyüòù in real life I'm a Facebook person. Help me gain followers ü§ì#blog #selfhelp #depression",pessimism
I'm deleting all these social media apps off my phone. I might keep snap chat and insta but I'll never be on it.,pessimism
"@coalese üòÇüòÇüòÇ. Sure half these stars get together,break up,have affairs,let porn vids slip out,fight,ect etc all to up there ratings. #sad üòÇ",pessimism
"Three days off a month with two ex wives and no home could be worse. I don't know how, but it could #oilandgas ",pessimism
How do you help someone with #depression who doesn't believe they have it and doesn't trust therapists?,pessimism
"@davidpreece12 @FitbaHacks Great defender, terrible positioning. Didn't know where he should be without Russel shouting at him for 90 mins",pessimism
and again dirty and  self loathing attitude  mope talking,pessimism
@SizweM01 and it's kinda depressing hey!!! üòë,pessimism
Why are people that don't have iPhones so bitter about iPhones???? Can someone explain,pessimism
"@politico If they say the words radical Islamic terrorist, will that somehow make the terror groups drop their weapons?",pessimism
@MariamVeiszadeh it's getting so close in your poll so many ignorant ppl. #depressing #painful something needs to change #BeTheChange ? How?,pessimism
@mark_slifer actually maybe we were supposed to die and my donation saved our lives?? ,pessimism
Not sure that men can handle a woman that's got her crap together. #intimidation #independent,pessimism
@amymarsden_wtf I'm as pure as the driven snow after it's been pissed on by multiple rabid dogs,pessimism
@jack_haug_lifty @eable It's Ms btw. we were lied to by Remain. dry your remainer tears; Just accept you #lost,pessimism
@susanbrodigan @lyricconcert Ha yes- the look of despair!,pessimism
Got a #serious #hyper #predator #heckler situation over here,pessimism
Never ever been this unhappy before in my life lmao,pessimism
Some of these people at this protest are just there for the adrenaline rush. #depressing,pessimism
@Bridget_Jones was joyous. Worried I would be disappointed. Most definitely was not. #chickflick #giggles #comethefuckonbridget,pessimism
@jjskeffington @foodbelfast I dread to think!,pessimism
On a side note if you are self medicating ? That's not helping that is burying the anxiety that WILL manifest in another way. Heart disease?,pessimism
"So I tried to give her time to sober up, while waiting at the our friend's house. 2 hours later, gal wake up out her nap to vomit again.",pessimism
"Jorge deserves it, honestly. He's weak. #revolting #90dayfiance",pessimism
"There's many things I don't care about, and many things I do that I don't speak on because it's such a heaviness even when released...",pessimism
@WilsonsWorld I was in high school and remember helping neighbors clean up back home in Greenville.  Pretty sobering stuff.  #sadness,pessimism
Hate knowing I have to get up at half 5 for gym in the morning it's so depressing,pessimism
doese reading help depression or is it another form of escapism,pessimism
"Wanna pop some pills, sedate myself, and wake up tomorrow.",pessimism
"@erickogi @citizentvkenya @OfficialJMbugua but at what price. The near misses are too many, am afraid it may translate into something else",pessimism
"I know I've painted quite a grim picture of your chances. But if you simply stand here, we will both surely die.",pessimism
I know this is going to be one of those nights where it takes an Act of God to fall asleep. ,pessimism
I don't get that my parents literally don't see how unhappy I been lately,pessimism
Just found out tonight my son will not be doing practical work counting towards his GCSE exam. OK then! I thought STEM was all the rage??,pessimism
"[ @HedgehogDylan ] *she would frown a bit, folding her arms* 'why is it that every time I'm in need of assistance someone expects a lil **",pessimism
"this country is going to go to crap no matter who wins this november, isnt it? The more i learn of both the more despondent i am of future",pessimism
No one wants to win the wild card because you have to play the Cubs on the road. ,pessimism
Just wish I was appreciated for all I do! When is it my turn to be taken care of!! I want a break!! #tired #lost,pessimism
When the surfer girl and i  don't speak the same language anymore.. #justsaying #sadness,pessimism
Gonna be a loooooong year as a Browns fan. Longer than normal and that's #sad,pessimism
@billie21806 @cnnbrk tell that to your bodies cheering on the deaths of black people by cops. their fear is killing us.,pessimism
I hate when it's gloomy outside because it always gets me in a depressing mood,pessimism
The last few weeks have been dreadful. opening up of old #wounds. the #gossip of others/evil that spill from thier lips #melancholy #sadnnes,pessimism
I just killed a spider so big it sprayed spider guts on me like a horror movie.\n#ugh #revenge,pessimism
"Trying to loveee somebody, just wanna love somebody right now, guess there's just no pleasing me",pessimism
@carlymarierozy @makeupsue it's sad but now we are making our own children vulnerable to the same terror.,pessimism
I can never find the exact #emoji that I'm after at the exact moment that I need it ,pessimism
@URClassless I think that yawning actor died of a drug overdose. ,pessimism
What terrible thing to see and have no vision-\n\nHelen Keller-\n\n-Begin with the end in mind-\n\nStephen Covey-\n\n#whereareugoing #relentless,pessimism
I hate freaking out and ruining things. ,pessimism
"Not written for African-American\n\nNo refuge could save the hireling and slave\nFrom the terror of flight or the gloom of the grave,",pessimism
0 excitement for this weekend just pure dread,pessimism
@jamiesmart Huh! It's always my fault isn't it &gt;:(  #sulk,pessimism
Sometimes the support network is causing the damage. \n\n#support #Damaged #alone #tired #lost #hurt #nojustice #depression #surivivor #NoMore,pessimism
Been up since 4am. Too scared to go back to sleep #nightmare ‚Äî feeling scared,pessimism
How's it possible to go from cheery earlier to the worst mood possible nowüôÑ,pessimism
@hamzakhawaja99 just die depression.,pessimism
I am beyond mad that I lost track of a brown spider in my brown carpet. Where did you go? üï∑ will be sneaking up on me #frightened,pessimism
"@annafifield @washingtonpost all hands on deck at the post and in the msm as trump starts to lead in oh, fla, NC, NV, CO. #panic",pessimism
Our soldiers in war zones are held to a higher level of rules of engagement than our police officers. #sad,pessimism
"What do Aquila, Ajahnae, and Euriechsa have in common besides ridiculously stupid,horrible,ugly, God awful names? Tracey IS NOT their father",pessimism
"Fucking gutted, disheartened &amp; so pissed off.Gone from 1 off the toughest most resolute defences to the worst &amp; most shambolic #SCFC #STOHUL",pessimism
"Being abroad is causing me to make spontaneous decisions and not worry about things which is good, but the type A part of me is fuming",pessimism
‚ÄúThe immense importance of football is sometimes scary. When you don‚Äôt win you are responsible for so many unhappy people.‚Äù - Arsene Wenger,pessimism
and apparently he's supposed to have a Scottish accent??? I'm ,pessimism
Trying to make a #better_world is #depressing when it's a #failure -__-,pessimism
My ukulele bag has fallen apart. üòê WELLL AT LEAST my life hasn't yet!! ,pessimism
@AOLUK @JamesHayr @TheDrum Anychance of addressing the communication I sent to you yesterday??? I still haven't had any contact #shocking,pessimism
MY CAR IS DENTED FROM THE HAIL sad,pessimism
Most people never achieve their goals because they are afraid to fail.,pessimism
Seeing huge or really full  backpacks on people fills me with anxiety,pessimism
I miss doing nothing someone I care about and attacking their face with kisses. #foreveralone #bitter üò©,pessimism
"When your body says FUCK YOU BITCH, You ain't sleeping\n #sleep #cantsleep #drained ",pessimism
@smendler (2)  Watch out for ppl who have been filled w/ impotent rage over time - they can be led to do just about anything,pessimism
Bojack Horseman: the saddest show ever written?? #depression #season1,pessimism
"The more videos @PanicAtTheDisco  post, the more i am convinced i might should not have done that #fear #Brendonati",pessimism
"‚Äîbut he just can't. He feels tired but also restless. So here he now, scrolling his own music player, playing some music through his‚Äî",pessimism
@RossKemp Omg that is just horrific. Something needs to be done. üò¢,pessimism
Synth backing tracks = sadness\n#depresspop #dark #+++ #alt #fuckingmeup,pessimism
After this news I'm supposed to be so damn happy and rejoicing but I'm here like üò©üòîüò≠üòû,pessimism
it's sad when you talk to someone about ya past n how it fucked you up and then they do the same thing like people really don't have hearts,pessimism
"#Trump is #afraid of the big, bad #Hillary. #election #PresidentialDebate #PresidentialElection2016 #orangehitler #skip #hide #coward ",pessimism
need to sta dating again.I m bored #redheadteen #boldandbeautiful #lost #500aday single men dating Schkeuditz,pessimism
@MHChat I think sadness is felt very strongly physically and mentally.  It feels like it takes over and it's hard to focus at work #MHChat,pessimism
"So I wished my sis 12 midnight but received no reply from her. My 2nd sis JUST wished her, got a reply. You know who's the fav ",pessimism
@Mattwinton1 Your foot is frowning.,pessimism
Just had to reverse half way up the woods to collect the dog n I've never even reverse parked in my life üôÑ ,pessimism
I have another test tonight #nervous,pessimism
@Conorojo Loool understand the pessimism but it will üòÇ,pessimism
@WDWNT #spooky night at #disney #fortwilderness campground #disneyworld #powerfailure #dark,pessimism
Gen 8:21 NIV‚ÄîThe Lord smelled the pleasing aroma and said in his heart: ‚ÄúNever again will I‚Ä¶ lifelong depravity,pessimism
Inadequacy slithers from her ears and wraps itself around her neck like the boys she wants to love her. #mpy #vss #quote #depression #poetry,pessimism
@wiIdfuI we have the same age and you're 1000 times more beautiful than me! #sad üòÇ,pessimism
"@DatelineNBC this is a sight, sound &amp; smell to behold in person--still gives me the creeps to think about. ",pessimism
In need of a serious nap rn,pessimism
Jimmy Carr makes me want to cry and cry *shiver* #awful,pessimism
I mourn. ha..r / ambe was ruined. what was once an ongoing shitpost about Tony's crimes was hijacked by not so vaguely racist memers,pessimism
It's sad when your man leaves work a little bit late and your worst fear is 'Oh no!! Did he get stopped by the police?!?! ' #sad #ourworld,pessimism
@MaureenKamash that's a good question. I really don't know. I am slowly losing my optimism,pessimism
@gmbremer is his shoulder a legit concern? 'Expects to play' isn't reassuring 2 games into the season after having shoulder problems.,pessimism
realising you have no conditioner after already shampooing üòìüòì ,pessimism
"@Mysteri759 @Ren102e906 @slb42jcb @swoozyqyah Well, I'm too old, and too stubborn about facts &amp; history to be discouraged.",pessimism
What a grim night #GetTheFireLit üî•,pessimism
@williamcontrol just preordered The Pale EP... Would have paid for the phone call... But I would have freaked out and not said anything #shy,pessimism
I'm a nervous wreck omg,pessimism
"What u do wen ur love cheats on u ? Wen thy don't understand the emotions behind the anger, the constant waiting.. what u do ? @ritujai18874",pessimism
"I start work tmrw yall, i'm nervous lol",pessimism
Pro-lifers are condemning #MenForChoice - but I haven't seen any of you criticize the dismal American foster care/adoption system.,pessimism
Most Americans think the media is nothing but Government propaganda BS. #lies #control #BS #RiggedSystem  #garbage #oreillyfactor,pessimism
@RossKemp great programme tonight #sad #upsetting #extremeworld,pessimism
I've always had a weird grudge against stingrays ever since one killed Steve Irwin.,pessimism
I feel horrible. I have accounting today but physically and mentally am not okay üò™,pessimism
@Christy_RTR @doge_e_fresh I'm despondent,pessimism
"Eating an egg is grim, you are eating the material embodiment of a fart and an unborn chick",pessimism
Ugh.. Why am I not asleep yet. Fml. I think low key I'm afraid I might miss something. #SleeplessNight #sleepy ,pessimism
Women don't like girls because we resent them for looking so great/we wish we still looked like that  #washed,pessimism
"Does anyone know, are both Sims in a dual sim phone both locked to the same network! #worry",pessimism
@r0Ils ppl get triggered over u smiling they're irrelevant,pessimism
I'm worried someday I'll be yelling at my kids and they'll be confused about if or not I'm being serious üò≠üò≠üò≠\n\nI'm too damn playful,pessimism
"@ActualFlatticus @veggie64_leslie @mtracey Call me a pessimist, but I don't think therapy can fix whatever is wrong with Anthony Weiner.",pessimism
Should of stayed in Dubai üòû,pessimism
"With only 7 months left until I possess my undergraduate degree, I feel like I can't handle adulthood anymore  #nojobsinbiology",pessimism
Goddamn headache. ,pessimism
#RIPKara i could have seen her at a local mall or any school football games. im disheartened,pessimism
so probably hunger and depression and dissociating equals a weird time anything else,pessimism
Police: Atlanta rapper Shawty Lo killed in fiery car crash,pessimism
@MrMalky @kwr66 How awful! Switched off!,pessimism
When you lose somebody close to your heart you lose yourself as well üíî #lost,pessimism
@dilancliff @jackcourtney95 @ConnorGarnett1 Connor said he's worried that Jack will steal his girls on a night out #nervous,pessimism
straight people are canoodling on the quad and I'm #offended,pessimism
"It's easy to #fall #asleep in class, but hard to in bed. #True  #whileyouweresleeping #insomnia #TeamFollowBack #RockTheReTweet",pessimism
I feel like I am drowning. #depression  #falure #worthless,pessimism
"@charles_gaba No, I am probably the person most likely to completely understand how gobsmacked you were to learn how true that is. #sadly",pessimism
you never call me when your sober,pessimism
i was just talking about it last week .. how does your outside appearance (ie. dread locks) affect the ability you have to work?,pessimism
@TDsNation I blame how broken madden is this year,pessimism
"@eachus At least he's willing to discuss, better than most. That and keep the insults light with occasional levity or creative BS-ing,",pessimism
@myaeggs I can't get a better look at her bc I'm too shy to make eye contact ;-;,pessimism
"@RelUnrelated While I do not see Sailer Mars being a raging liberal, I doubt that she would say such a thing.",pessimism
Don't understand reason for #Muslim countries citing #terrorism as reason for not taking #refugees. Aren't #terror attacks against infidels?,pessimism
Georgia Tech's Secondary is as soft as a marshmallow.  #horrible,pessimism
You boys dint know the game am I the game... life after death... better chose and know who side you on before my wrath does come upon usüò§üò§üò§,pessimism
LMAO this person must hate me so bad to talk shit behind an anonymous account #awe /:,pessimism
I dread math üò¥,pessimism
I don't know how people can binge watch horror films ...ALONE!üòìüò∞,pessimism
"@Jinath_Hyder I can't have alcohol on it, sadly, but it only flares up under very specific circumstances so I just need to be more careful",pessimism
Way to get a hold of her üòä #depressing,pessimism
"@KhoroshiySoldat --prepared.\n\n'Not as far as I know.' was her dull reply. 'There are still survivors, members from it. Like I said,-/",pessimism
@greencapt there's something to note in the fact that the mask manufacturer produced her smiling and him frowning.,pessimism
@1ChiefsDan Is that pessimism or do you just want him to get another week of rest and healing?,pessimism
When your friends want to go out drinking but you know you gonna have to say no because social #anxiety runs your life,pessimism
I feel like an appendix. I don't have a purpose. #sad #depressed #depression #alone #lonely #broken #sadness #cry #hurt #crying #life,pessimism
@JonnyOwenFilm @ringsiderobbie1 can you remember that train Sunday after Froch v Kessler ? #nightmare,pessimism
@xxmariab listen yh don't provoke me cos I'll make you cry,pessimism
tweet tweet chirp chirp losers,pessimism
"This night, room polluted with syringes, notebooks and shadows moving, this kind of night! Away melancholy, away!",pessimism
@TDYLN sadly not :(,pessimism
Democracy doesn't work\n#mob #mentality #mass #hysteria #fear #mongering #oligarchy,pessimism
I had a dream that I dropped my iPhone 7 and it broke T_T #cry #iPhone7 ,pessimism
"Kik to trade, have fun or a conversation  (kik: youraffair) #kik #kikme #messageme #textme #pics #trade #tradepics #dm #snap #bored",pessimism
Sometimes The Worst Place You Can Be Is In Your Own Head.'\n\n #quotes #worstenemy  #thinktoomuch,pessimism
World is facing #terrorism. Where #Terrorist's school exist? Who are terrorist's teacher &amp; father. Which is terrorist's motherland?,pessimism
@RobertWesley3 I'm #mad that my brother is #sad ! Feel better bub!,pessimism
if you do me wrong i will not hesitate to block you and cut you out of my life completely üòá it's one of my greatest talents,pessimism
i lost my wallet lol.... again....,pessimism
Buddha doesn't possess enough power to deliver you from your affliction!,pessimism
@delhi_lawyer @BhagwanUvach @ShivAroor sad . This is not film story. Who knows could be ploy to escalate tension. Unverified report no hype,pessimism
"@big_SL8 Show some respect, that's all...  If u havent go to war u cant say anything.. U havent lost friends and mates on war, so Ahut it!!",pessimism
@JasonBHampton it's Bowers. I went and drove it for a while this evening #horrible,pessimism
Incredibly shocked and disappointed with @united customer service. Really making me rethink flying with them in the future. #unhappy,pessimism
"Luis Ortiz ducked by Ustinov which means fights off, and he left @GoldenBoyBoxing future not looking to bright for Ortiz #boxing",pessimism
Fosu Mensah is having a complete nightmare! It's the reason all Northamptons attacks come from the left.,pessimism
"2day's most used term is, #terrorism, with many addresses and forms. On my #opinion, the only form of terrorism in this world is, injustice!",pessimism
2 applications for my dbs and still waiting. Been over a year now. Going to loose my job üëçüèø @GOVUK  #thanks #unhappy #crb,pessimism
"hmm somehow twitter feels really depressing, more like negative today...I think I missed something üòï",pessimism
@cristinalaila1 just when I thought this disgusting man couldn't sink any lower-like Hillary he his depravity of character has no bottom,pessimism
@tysonwaters and @WatersWife 'Being over it.' Why USA has #panicattacks #anxiety #depression and so much medication!,pessimism
@hedgegirl I was only joking. I don't have any parents. üòà #dark,pessimism
"If a friend lost his/her phone, how long do they have to mourn their lost phones before you ask for their earpiece?",pessimism
"I get discouraged because I try for 5 fucking years a contact with Lady Gaga but are thousands of tweets, how she would see my tweet? :(",pessimism
The @Orioles are in contention and hosting @RedSox nation and Camden is empty #sad,pessimism
@isthataspider @dhodgs i will fight this guy! Don't insult the lions like that! But seriously they kinda are.Wasted some of the best players,pessimism
I'm highly animated even though I'm decomposing.,pessimism
